{"cameraMode":{"drawMode":0,"name":"Shaded","section":"Shading Mode"},"sceneLighting":false,"audioPlay":false,"sceneViewState":{"showFog":false,"showMaterialUpdate":false,"showSkybox":false,"showFlares":false,"showImageEffects":false,"showParticleSystems":false,"showVisualEffectGraphs":true,"m_FxEnabled":true},"in2DMode":false,"pivot":{"x":-0.5166609287261963,"y":15.506522178649903,"z":-36.27397155761719},"rotation":{"x":-0.3704490661621094,"y":0.005287195090204477,"z":-0.0021132708061486484,"w":-0.9288322329521179},"size":0.18712779879570008,"orthographic":false}