{"cameraMode":{"drawMode":0,"name":"Shaded","section":"Shading Mode"},"sceneLighting":true,"audioPlay":false,"sceneViewState":{"showFog":true,"showMaterialUpdate":false,"showSkybox":true,"showFlares":true,"showImageEffects":true,"showParticleSystems":true,"showVisualEffectGraphs":true,"m_FxEnabled":true},"in2DMode":false,"pivot":{"x":17.988624572753908,"y":27.896928787231447,"z":-16.630273818969728},"rotation":{"x":-0.5360924005508423,"y":0.0027700664941221477,"z":-0.0017597473924979568,"w":-0.844144880771637},"size":20.22369956970215,"orthographic":false}