{"cameraMode":{"drawMode":0,"name":"Shaded","section":"Shading Mode"},"sceneLighting":false,"audioPlay":false,"sceneViewState":{"showFog":false,"showMaterialUpdate":false,"showSkybox":false,"showFlares":false,"showImageEffects":false,"showParticleSystems":false,"showVisualEffectGraphs":true,"m_FxEnabled":true},"in2DMode":false,"pivot":{"x":0.002883128821849823,"y":-0.039678044617176059,"z":-0.011216133832931519},"rotation":{"x":-0.18400324881076814,"y":-0.6945427656173706,"z":0.19110147655010224,"w":-0.6687651872634888},"size":0.11730849742889404,"orthographic":false}