{"cameraMode":{"drawMode":0,"name":"Shaded","section":"Shading Mode"},"sceneLighting":false,"audioPlay":false,"sceneViewState":{"showFog":false,"showMaterialUpdate":false,"showSkybox":false,"showFlares":false,"showImageEffects":false,"showParticleSystems":false,"showVisualEffectGraphs":true,"m_FxEnabled":true},"in2DMode":false,"pivot":{"x":-0.08462601900100708,"y":0.01883728802204132,"z":-0.013709351420402527},"rotation":{"x":-0.15648764371871949,"y":0.6630620360374451,"z":-0.14427119493484498,"w":-0.7173873782157898},"size":0.14226438105106355,"orthographic":false}