{"cameraMode":{"drawMode":0,"name":"Shaded","section":"Shading Mode"},"sceneLighting":false,"audioPlay":false,"sceneViewState":{"showFog":true,"showMaterialUpdate":false,"showSkybox":false,"showFlares":true,"showImageEffects":true,"showParticleSystems":true,"showVisualEffectGraphs":true,"m_FxEnabled":true},"in2DMode":false,"pivot":{"x":0.002883128821849823,"y":-0.039678044617176059,"z":-0.011216133832931519},"rotation":{"x":-0.5360924005508423,"y":0.0027700664941221477,"z":-0.0017597473924979568,"w":-0.844144880771637},"size":0.11730849742889404,"orthographic":false}